{"_runtime":0,"_step":7,"acc":0.8950166703031364,"loss":0.11911150760084264,"_timestamp":1.764020625138766e+09,"_wandb":{"runtime":0}}